claim_id,label,claim,edge_score,node_score,verified_edges
4713,REFUTES,Tool has won three Oscars.,0.0,0.170924574136734,[]
7208,SUPPORTS,Colombiana is a French film.,0.0,0.7437179088592529,[]
11432,REFUTES,The first inauguration of Bill Clinton made him the 50th President of the United States.,0.0,0.2869529128074646,[]
13218,NOT ENOUGH INFO,Tremont Street Subway is an expensive project.,0.0,1.0,[]
10278,REFUTES,Hush (2016 film) was produced by children.,0.0,0.2085687518119812,[]
10328,REFUTES,"Sidse Babett Knudsen graduated on November 22nd, 1968.",1.0,0.9737828373908997,"[{'head': 'Sidse Babett Knudsen', 'type': 'date of birth', 'tail': 'November 22nd, 1968'}]"
15307,SUPPORTS,Tim Roth is an English actor.,0.0,0.7154221087694168,[]
18708,REFUTES,Charles Manson has been proven innocent of all crimes.,0.0,0.060981281101703644,[]
21775,REFUTES,Vedam was written and directed by Christopher Nolan.,0.0,0.38346537947654724,[]
24684,SUPPORTS,Arizona is a state in the United States.,0.0,0.9518532752990723,[]
26300,SUPPORTS,Heavy Metal music was developed in the early 1970's.,0.0,0.921086847782135,[]
26839,REFUTES,Hedda Gabler's world premiere took place at the Battle of Hastings.,0.0,1.0,[]
32266,NOT ENOUGH INFO,Colin Kaepernick became a starter during the 49ers 63rd season in the Republican Party.,0.0,0.29446104168891907,[]
31418,REFUTES,The Saw franchise grossed under $873 million.,0.0,0.7563015222549438,[]
32820,REFUTES,The heart beats at a resting rate close to 22 beats per minute.,0.0,0.10061267763376236,[]
34412,REFUTES,Jayasudha is an actor that stars in Daag.,0.0,0.9494815170764923,[]
31963,SUPPORTS,Shane Black was born in 1961.,0.0,1.0,[]
39437,SUPPORTS,Taran Killam is an American writer.,0.0,0.44093355536460876,[]
38125,SUPPORTS,The Armenian Genocide was the killing of Armenians who were mostly Ottoman natives.,0.0,1.0,[]
41665,REFUTES,"There are not rumors that Augustus' wife, Livia, poisoned him.",1.0,0.9207852184772491,"[{'head': 'Augustus', 'type': 'spouse', 'tail': 'Livia'}, {'head': 'Livia', 'type': 'spouse', 'tail': 'Augustus'}]"
40351,SUPPORTS,Brazzers is a company.,0.0,0.7921842336654663,[]
43776,REFUTES,Colin Kaepernick is a poker player.,0.0,0.5,[]
44327,SUPPORTS,Emma Watson was born.,0.0,0.8744781613349915,[]
43608,REFUTES,Magic Johnson was a tap dancer.,0.0,0.433813214302063,[]
47911,SUPPORTS,The Mod Squad is a series that fits into the genre of crime drama.,0.0,0.8933830857276917,[]
52175,REFUTES,Magic Johnson did not play for the Lakers.,0.0,0.2120078206062317,[]
54168,REFUTES,Murda Beatz's real name is Marshall Mathers.,0.0,0.6470451503992081,[]
51098,REFUTES,Stephen Hillenburg was fascinated with politics as a student.,0.0,0.09519469738006592,[]
56669,NOT ENOUGH INFO,Ron Weasley is a President.,0.0,0.16924399137496948,[]
55658,SUPPORTS,James VI and I was a major advocate of a single parliament for Scotland and England.,0.0,1.0,[]
60685,SUPPORTS,Trollhunters was produced by an animation company.,0.0,0.16598603129386902,[]
64721,SUPPORTS,Aristotle spent time in Athens.,0.0,1.0,[]
60977,REFUTES,The highest point of the Hindu Kush is Everest.,0.0,0.9536165595054626,[]
63038,SUPPORTS,Caroline Kennedy is American.,0.0,0.31627291440963745,[]
63502,NOT ENOUGH INFO,Viola Davis appeared in Kate & Leopold as Darth Maul.,0.0,1.0,[]
66638,REFUTES,The Adventures of Pluto Nash was reviewed by Ron Underwood.,0.0,1.0,[]
68084,SUPPORTS,Wales' population changed.,0.0,0.582884170114994,[]
73623,NOT ENOUGH INFO,Papua comprised all of Indonesia.,0.0,0.9205510914325714,[]
71126,NOT ENOUGH INFO,A View to a Kill is an action movie.,0.0,0.9676285982131958,[]
71986,REFUTES,Steve Wozniak was born after the Apple II came out.,0.0,0.7895115613937378,[]
72080,NOT ENOUGH INFO,Psych is a required course in California.,0.0,1.0,[]
71959,SUPPORTS,Jennifer Lopez made a single.,0.0,0.45970386266708374,[]
71853,SUPPORTS,L.A. Reid has served as the president of a record label.,0.0,0.16924399137496948,[]
71182,NOT ENOUGH INFO,Annette Badland was in the 2015 NBA Finals.,1.0,1.0,"[{'head': '2015 NBA Finals', 'type': 'point in time', 'tail': '2015'}]"
79538,REFUTES,Sheryl Lee has yet to appear in a film as of 2016.,0.0,1.0,[]
79548,NOT ENOUGH INFO,Topman sells men's accessories.,0.0,0.6426084935665131,[]
76289,NOT ENOUGH INFO,Raees (film) stars a Buddhist.,0.0,0.4576503038406372,[]
80124,NOT ENOUGH INFO,Sikkim is a part of the World Bank.,0.0,1.0,[]
80205,REFUTES,Reign Over Me was released in 2017.,0.0,1.0,[]
86175,REFUTES,Hourglass is performed by a Russian singer-songwriter.,0.0,0.5957766100764275,[]
88464,NOT ENOUGH INFO,The Road to El Dorado stars Tim Allen.,0.0,1.0,[]
89891,REFUTES,Damon Albarn's debut album was released in 2011.,0.0,0.7986204028129578,[]
93412,SUPPORTS,Paul Nicholls played Sam Casey in Law & Order: UK.,0.0,0.12515032291412354,[]
90809,REFUTES,Sean Penn is only ever a stage actor.,0.0,0.4375551640987396,[]
91198,NOT ENOUGH INFO,Colin Kaepernick became a starting quarterback during the 49ers 63rd season in the National Football League.,0.5,0.5296406944592794,"[{'head': 'Colin Kaepernick', 'type': 'member of sports team', 'tail': '49ers'}]"
102702,NOT ENOUGH INFO,Ashton Kutcher was directed by George Clooney.,0.0,0.7098440229892731,[]
100584,REFUTES,Same Old Love is disassociated from Selena Gomez.,0.0,1.0,[]
101555,NOT ENOUGH INFO,XHamster's The Sex Factor forces eight men and eight women to battle to become a porn star.,0.0,0.6448606252670288,[]
104386,REFUTES,Tenacious D started in 1997.,0.0,1.0,[]
100973,NOT ENOUGH INFO,Angela Bassett gave out a master of fine arts degree.,0.0,0.21967685222625732,[]
105419,REFUTES,Youtube is not a website.,0.0,1.0,[]
105310,SUPPORTS,Jack Falahee is a person who acts.,0.0,0.8390645384788513,[]
107039,NOT ENOUGH INFO,In the End has baseball in it.,0.0,0.9999999701976776,[]
108281,REFUTES,Andrew Kevin Walker is only Chinese.,0.0,0.9237100183963776,[]
107786,SUPPORTS,Ann Richards was professionally involved in politics.,0.0,0.5,[]
105095,SUPPORTS,Nicholas Brody is a character on Homeland.,1.0,1.0,"[{'head': 'Nicholas Brody', 'type': 'present in work', 'tail': 'Homeland'}]"
108950,REFUTES,Alexandra Daddario is Canadian.,0.0,0.27426257729530334,[]
112988,NOT ENOUGH INFO,Men in Black II stars eight children.,0.0,0.7085687667131424,[]
114567,REFUTES,Seohyun is a dog.,0.0,0.9120876789093018,[]
111897,REFUTES,Telemundo is a English-language television network.,0.0,0.3787563145160675,[]
110177,NOT ENOUGH INFO,House is a sitcom.,0.0,0.866605132818222,[]
123452,REFUTES,The Faroe Islands are no longer part of the Kingdom of Mercia.,0.0,0.7767117023468018,[]
121189,REFUTES,The Others (2001 film) lost Best Film.,0.0,0.252292662858963,[]
124667,REFUTES,David Packouz refused to be an entrepreneur.,0.0,0.40573954582214355,[]
121119,REFUTES,The 14th Dalai Lama lives in Japan exclusively.,0.0,1.0,[]
121113,NOT ENOUGH INFO,Billboard Dad is a genre of music.,0.0,0.8646606206893921,[]
129441,REFUTES,Saxony is in Ireland.,0.0,0.94208163022995,[]
128229,SUPPORTS,Advertising is an sound-based manner of marketing communication.,0.0,1.0,[]
128123,REFUTES,Mohra is a truck.,0.0,0.8361540734767914,[]
125513,REFUTES,The dress did not inspire hashtags.,0.0,0.17374426126480103,[]
133201,NOT ENOUGH INFO,Advertising is a closed sourced message.,0.0,0.6608468890190125,[]
132134,REFUTES,Noah Cyrus is a younger sister of Macy Grey.,0.0,0.3514024615287781,[]
134710,REFUTES,Starrcade was an annual professional wrestling event that began in 1988.,0.5,1.0,"[{'head': 'Starrcade', 'type': 'sport', 'tail': 'professional wrestling'}]"
130920,REFUTES,"Bruce Shand was born on September 22nd, 1917.",1.0,0.4507741928100586,"[{'head': 'Bruce Shand', 'type': 'date of birth', 'tail': 'September 22nd, 1917'}]"
130717,SUPPORTS,The Dark Tower is a fantasy film.,0.0,0.5,[]
135457,NOT ENOUGH INFO,Rupert Murdoch has control of The Galactic Empire.,0.0,0.9849692583084106,[]
137334,SUPPORTS,Fox 2000 Pictures released the film Soul Food.,0.0,0.1657046675682068,[]
140846,NOT ENOUGH INFO,Shooter is about an expert marksman who tries to stop the assassination of the president.,0.0,0.5528584010899067,[]
140764,REFUTES,Janet Leigh was incapable of writing.,0.0,0.6110480204224586,[]
142454,REFUTES,Advertising is a personal message.,0.0,0.6591983437538147,[]
141072,REFUTES,Telemundo is owned by ESPN.,0.0,0.6745946407318115,[]
145512,REFUTES,"Harold Macmillan was born on February 20, 1894.",1.0,0.972598135471344,"[{'head': 'Harold Macmillan', 'type': 'date of birth', 'tail': 'February 20, 1894'}]"
146231,REFUTES,Juventus F.C. rejected their traditional black-and-white-striped home uniform in 1903.,1.0,1.0,"[{'head': '1903', 'type': 'point in time', 'tail': '1903'}]"
145446,SUPPORTS,Topman has clothing outlets in six Irish cities and towns.,0.0,1.0,[]
147411,REFUTES,Hot Right Now is mistakenly attributed to DJ Fresh.,1.0,1.0,"[{'head': 'Hot Right Now', 'type': 'performer', 'tail': 'DJ Fresh'}]"
148988,NOT ENOUGH INFO,John Dolmayan was born in northern Lebanon.,0.0,1.0,[]
150730,NOT ENOUGH INFO,Caroline Kennedy is a Catholic.,0.0,0.4240936040878296,[]
150217,REFUTES,"John Dolmayan was born on July 15, 1873.",1.0,0.829541027545929,"[{'head': 'John Dolmayan', 'type': 'date of birth', 'tail': 'July 15, 1873'}]"
150773,NOT ENOUGH INFO,L.A. Reid has served as the CEO of Arista Records for four years.,0.0,0.7872198522090912,[]
159706,SUPPORTS,Edgar Wright is a person.,0.0,0.1187242642045021,[]
159944,SUPPORTS,Christa McAuliffe taught social studies at Concord High School.,0.0,0.9277452230453491,[]
158439,NOT ENOUGH INFO,The Penibaetic System is also called Sistema Penibético in Spanish.,0.0,0.8761703968048096,[]
163980,REFUTES,Veeram is something other than an Indian Tamil film.,0.0,1.0,[]
167997,NOT ENOUGH INFO,Don Bradman retired from soccer.,0.0,0.42247045040130615,[]
168529,SUPPORTS,Rick Yune was on a series that cancelled on December 12.,0.0,1.0,[]
166626,NOT ENOUGH INFO,Anne Rice was born in New Jersey.,0.0,1.0,[]
166848,SUPPORTS,Drake Bell put out an extended play in 2011.,0.0,1.0,[]
166647,REFUTES,Anne Rice was born in Fort Lauderdale.,0.0,0.8600775599479675,[]
166846,SUPPORTS,Drake Bell put out an EP.,0.0,0.6383939981460571,[]
172771,SUPPORTS,The Beach's director was Danny Boyle.,0.0,0.14503322541713715,[]
172478,REFUTES,Matteo Renzi is German.,0.0,0.9261970221996307,[]
170949,SUPPORTS,Smriti Mandhana is an Indian cricketer born in July.,0.0,1.0,[]
173496,SUPPORTS,Sancho Panza is a character in Don Quixote.,1.0,1.0,"[{'head': 'Sancho Panza', 'type': 'present in work', 'tail': 'Don Quixote'}, {'head': 'Don Quixote', 'type': 'characters', 'tail': 'Sancho Panza'}]"
179042,SUPPORTS,Congressional Space Medal of Honor is the highest award given only to astronauts by NASA.,0.0,0.8577068746089935,[]
181634,SUPPORTS,There is a capital called Mogadishu.,1.0,1.0,"[{'head': 'Mogadishu', 'type': 'instance of', 'tail': 'capital'}]"
184083,SUPPORTS,Ernest Medina participated in the My Lai Massacre.,0.0,0.4723297953605652,[]
185206,REFUTES,Home for the Holidays stars the fourth stepchild of Charlie Chaplin,0.0,0.9510062634944916,[]
187000,REFUTES,Bermuda Triangle is in the western part of the Himalayas.,0.0,1.0,[]
185193,SUPPORTS,Home for the Holidays stars an American actress.,0.0,0.8162728846073151,[]
186590,SUPPORTS,In 1971 Asylum Records the American record label was founded by David Geffen and his partner Elliot Roberts.,0.5,1.0,"[{'head': 'Asylum Records', 'type': 'founded by', 'tail': 'David Geffen'}]"
186996,SUPPORTS,Bermuda Triangle is also known by another name.,0.0,0.57295922935009,[]
194372,NOT ENOUGH INFO,Happiness in Slavery is a gospel song by Nine Inch Nails.,1.0,1.0,"[{'head': 'Happiness in Slavery', 'type': 'performer', 'tail': 'Nine Inch Nails'}]"
194904,SUPPORTS,Stripes had Conrad Dunn featured in it.,0.0,0.22824610769748688,[]
192714,SUPPORTS,CBS is the network that aired The Millers.,0.0,1.0,[]
194462,NOT ENOUGH INFO,Tilda Swinton is a vegan.,0.0,0.15889640152454376,[]
197381,REFUTES,Simón Bolívar is only known as Simón Bolívar.,0.0,1.0,[]
199410,SUPPORTS,"Boyhood is about Mason Evans, Jr's childhood.",0.0,0.3745931386947632,[]
196758,NOT ENOUGH INFO,"Marnie was directed by someone who was ""The Master of Nothing"".",0.0,0.5,[]
203012,NOT ENOUGH INFO,The chairwoman of Lockheed Martin and the President are currently the same person.,0.0,0.6055809855461121,[]
201090,SUPPORTS,Marcus Bentley is a broadcaster.,0.0,0.1541011929512024,[]
202783,REFUTES,Despicable Me 2 was directed by a lake.,0.0,1.0,[]
204361,SUPPORTS,The Cretaceous ended.,0.0,0.5924826860427856,[]
204033,SUPPORTS,Down With Love is a 2003 comedy film.,1.0,0.9999999701976776,"[{'head': 'Down With Love', 'type': 'publication date', 'tail': '2003'}]"
201095,SUPPORTS,There is a British actor name Marcus Bentley.,0.0,0.6541011929512024,[]
204443,REFUTES,Brad Wilk helped co-found Rage in 1962.,0.0,0.8877041041851044,[]
207543,SUPPORTS,Mel B released a song on Virgin Records in 2007.,0.0,1.0,[]
212194,REFUTES,Miracle at St. Anna only tells the story of four cats.,0.0,0.5715454518795013,[]
215136,NOT ENOUGH INFO,Private Lives is a three act play from 1930.,0.0,1.0,[]
217212,REFUTES,A monk only avoids practicing religious asceticism.,0.0,0.21919269859790802,[]
215500,REFUTES,Weekly Idol is hosted by Yoo Jae Suk.,0.0,0.9751420617103577,[]
219028,REFUTES,Savages was exclusively a German film.,0.0,0.9261970221996307,[]
223766,NOT ENOUGH INFO,Ralph Fults was born January 23 1911 and died in prison.,1.0,0.9931315779685974,"[{'head': 'Ralph Fults', 'type': 'date of birth', 'tail': 'January 23 1911'}]"
221085,SUPPORTS,A&E is a cable and satellite television network.,0.0,0.8818476796150208,[]
224965,NOT ENOUGH INFO,Kentucky is known for televised racing.,0.0,0.6163581982254982,[]
223343,SUPPORTS,2015 was the year when the principal photography of The Disaster Aritst (film) started.,0.0,0.6027599573135376,[]
226877,SUPPORTS,Jenna Jameson worked as a glamor model and a stripper.,0.0,0.8616728484630585,[]
228344,NOT ENOUGH INFO,Island Records is a music school.,0.0,0.8500763475894928,[]
227130,REFUTES,New Orleans Pelicans compete in the National Football Association.,0.0,0.8626854121685028,[]
227362,REFUTES,Giada at Home was only available on DVD.,0.0,0.8683412373065948,[]
229316,NOT ENOUGH INFO,A working animal is trained to perform life saving tasks.,0.0,0.33021658658981323,[]
